AtomID,AtomName,AtomType,x[nm],y[nm],z[nm],charge[e],mass[AMU],sigma[nm],epsilon[kjmol]
1,c31,c3,0.092,-0.003,0.006,-0.095100,12.01000,3.39771e-01,4.51035e-01
2,c32,c3,0.042,0.077,-0.113,-0.095100,12.01000,3.39771e-01,4.51035e-01
3,hc3,hc,0.057,-0.106,-0.000,0.031700,1.00800,2.60018e-01,8.70272e-02
4,hc4,hc,0.057,0.041,0.099,0.031700,1.00800,2.60018e-01,8.70272e-02
5,hc5,hc,0.202,-0.004,0.007,0.031700,1.00800,2.60018e-01,8.70272e-02
6,hc6,hc,0.077,0.033,-0.207,0.031700,1.00800,2.60018e-01,8.70272e-02
7,hc7,hc,-0.068,0.078,-0.114,0.031700,1.00800,2.60018e-01,8.70272e-02
8,hc8,hc,0.077,0.180,-0.107,0.031700,1.00800,2.60018e-01,8.70272e-02
